,0
0,2022-05-18 18:38:23*bili_60825191772*忠诚！
1,2022-05-18 18:38:57*Bellariskira*1
2,2022-05-18 18:39:07*下饭指挥官*打卡
3,2022-05-18 18:39:17*小丫么小儿郎*1
4,2022-05-18 18:39:32*小摆哥227229*1
5,2022-05-18 18:40:19*文静从小就很可爱*打卡
6,2022-05-18 18:40:22*夜邪雪*1
7,2022-05-18 18:40:43*Rainade*1
8,2022-05-18 18:41:08*别说了-佳佳*111
9,2022-05-18 18:41:58*贝静星*1
10,2022-05-18 18:38:23*bili_60825191772*忠诚！
11,2022-05-18 18:38:57*Bellariskira*1
12,2022-05-18 18:39:07*下饭指挥官*打卡
13,2022-05-18 18:39:17*小丫么小儿郎*1
14,2022-05-18 18:39:32*小摆哥227229*1
15,2022-05-18 18:40:19*文静从小就很可爱*打卡
16,2022-05-18 18:40:22*夜邪雪*1
17,2022-05-18 18:40:43*Rainade*1
18,2022-05-18 18:41:08*别说了-佳佳*111
19,2022-05-18 18:41:58*贝静星*1
20,2022-05-18 18:38:23*bili_60825191772*忠诚！
21,2022-05-18 18:38:57*Bellariskira*1
22,2022-05-18 18:39:07*下饭指挥官*打卡
23,2022-05-18 18:39:17*小丫么小儿郎*1
24,2022-05-18 18:39:32*小摆哥227229*1
25,2022-05-18 18:40:19*文静从小就很可爱*打卡
26,2022-05-18 18:40:22*夜邪雪*1
27,2022-05-18 18:40:43*Rainade*1
28,2022-05-18 18:41:08*别说了-佳佳*111
29,2022-05-18 18:41:58*贝静星*1
30,2022-05-18 18:38:23*bili_60825191772*忠诚！
31,2022-05-18 18:38:57*Bellariskira*1
32,2022-05-18 18:39:07*下饭指挥官*打卡
33,2022-05-18 18:39:17*小丫么小儿郎*1
34,2022-05-18 18:39:32*小摆哥227229*1
35,2022-05-18 18:40:19*文静从小就很可爱*打卡
36,2022-05-18 18:40:22*夜邪雪*1
37,2022-05-18 18:40:43*Rainade*1
38,2022-05-18 18:41:08*别说了-佳佳*111
39,2022-05-18 18:41:58*贝静星*1
40,2022-05-18 18:38:57*Bellariskira*1
41,2022-05-18 18:39:07*下饭指挥官*打卡
42,2022-05-18 18:39:17*小丫么小儿郎*1
43,2022-05-18 18:39:32*小摆哥227229*1
44,2022-05-18 18:40:19*文静从小就很可爱*打卡
45,2022-05-18 18:40:22*夜邪雪*1
46,2022-05-18 18:40:43*Rainade*1
47,2022-05-18 18:41:08*别说了-佳佳*111
48,2022-05-18 18:41:58*贝静星*1
49,2022-05-18 18:42:33*普罗透斯浮生之相*都是会员说话嚣张点
50,2022-05-18 18:38:57*Bellariskira*1
51,2022-05-18 18:39:07*下饭指挥官*打卡
52,2022-05-18 18:39:17*小丫么小儿郎*1
53,2022-05-18 18:39:32*小摆哥227229*1
54,2022-05-18 18:40:19*文静从小就很可爱*打卡
55,2022-05-18 18:40:22*夜邪雪*1
56,2022-05-18 18:40:43*Rainade*1
57,2022-05-18 18:41:08*别说了-佳佳*111
58,2022-05-18 18:41:58*贝静星*1
59,2022-05-18 18:42:33*普罗透斯浮生之相*都是会员说话嚣张点
60,2022-05-18 18:39:07*下饭指挥官*打卡
61,2022-05-18 18:39:17*小丫么小儿郎*1
62,2022-05-18 18:39:32*小摆哥227229*1
63,2022-05-18 18:40:19*文静从小就很可爱*打卡
64,2022-05-18 18:40:22*夜邪雪*1
65,2022-05-18 18:40:43*Rainade*1
66,2022-05-18 18:41:08*别说了-佳佳*111
67,2022-05-18 18:41:58*贝静星*1
68,2022-05-18 18:42:33*普罗透斯浮生之相*都是会员说话嚣张点
69,2022-05-18 18:42:44*thbds*1
70,2022-05-18 18:39:07*下饭指挥官*打卡
71,2022-05-18 18:39:17*小丫么小儿郎*1
72,2022-05-18 18:39:32*小摆哥227229*1
73,2022-05-18 18:40:19*文静从小就很可爱*打卡
74,2022-05-18 18:40:22*夜邪雪*1
75,2022-05-18 18:40:43*Rainade*1
76,2022-05-18 18:41:08*别说了-佳佳*111
77,2022-05-18 18:41:58*贝静星*1
78,2022-05-18 18:42:33*普罗透斯浮生之相*都是会员说话嚣张点
79,2022-05-18 18:42:44*thbds*1
80,2022-05-18 18:39:07*下饭指挥官*打卡
81,2022-05-18 18:39:17*小丫么小儿郎*1
82,2022-05-18 18:39:32*小摆哥227229*1
83,2022-05-18 18:40:19*文静从小就很可爱*打卡
84,2022-05-18 18:40:22*夜邪雪*1
85,2022-05-18 18:40:43*Rainade*1
86,2022-05-18 18:41:08*别说了-佳佳*111
87,2022-05-18 18:41:58*贝静星*1
88,2022-05-18 18:42:33*普罗透斯浮生之相*都是会员说话嚣张点
89,2022-05-18 18:42:44*thbds*1
90,2022-05-18 18:39:07*下饭指挥官*打卡
91,2022-05-18 18:39:17*小丫么小儿郎*1
92,2022-05-18 18:39:32*小摆哥227229*1
93,2022-05-18 18:40:19*文静从小就很可爱*打卡
94,2022-05-18 18:40:22*夜邪雪*1
95,2022-05-18 18:40:43*Rainade*1
96,2022-05-18 18:41:08*别说了-佳佳*111
97,2022-05-18 18:41:58*贝静星*1
98,2022-05-18 18:42:33*普罗透斯浮生之相*都是会员说话嚣张点
99,2022-05-18 18:42:44*thbds*1
100,2022-05-18 18:39:07*下饭指挥官*打卡
101,2022-05-18 18:39:17*小丫么小儿郎*1
102,2022-05-18 18:39:32*小摆哥227229*1
103,2022-05-18 18:40:19*文静从小就很可爱*打卡
104,2022-05-18 18:40:22*夜邪雪*1
105,2022-05-18 18:40:43*Rainade*1
106,2022-05-18 18:41:08*别说了-佳佳*111
107,2022-05-18 18:41:58*贝静星*1
108,2022-05-18 18:42:33*普罗透斯浮生之相*都是会员说话嚣张点
109,2022-05-18 18:42:44*thbds*1
110,2022-05-18 18:39:07*下饭指挥官*打卡
111,2022-05-18 18:39:17*小丫么小儿郎*1
112,2022-05-18 18:39:32*小摆哥227229*1
113,2022-05-18 18:40:19*文静从小就很可爱*打卡
114,2022-05-18 18:40:22*夜邪雪*1
115,2022-05-18 18:40:43*Rainade*1
116,2022-05-18 18:41:08*别说了-佳佳*111
117,2022-05-18 18:41:58*贝静星*1
118,2022-05-18 18:42:33*普罗透斯浮生之相*都是会员说话嚣张点
119,2022-05-18 18:42:44*thbds*1
120,2022-05-18 18:39:07*下饭指挥官*打卡
121,2022-05-18 18:39:17*小丫么小儿郎*1
122,2022-05-18 18:39:32*小摆哥227229*1
123,2022-05-18 18:40:19*文静从小就很可爱*打卡
124,2022-05-18 18:40:22*夜邪雪*1
125,2022-05-18 18:40:43*Rainade*1
126,2022-05-18 18:41:08*别说了-佳佳*111
127,2022-05-18 18:41:58*贝静星*1
128,2022-05-18 18:42:33*普罗透斯浮生之相*都是会员说话嚣张点
129,2022-05-18 18:42:44*thbds*1
130,2022-05-18 18:39:07*下饭指挥官*打卡
131,2022-05-18 18:39:17*小丫么小儿郎*1
132,2022-05-18 18:39:32*小摆哥227229*1
133,2022-05-18 18:40:19*文静从小就很可爱*打卡
134,2022-05-18 18:40:22*夜邪雪*1
135,2022-05-18 18:40:43*Rainade*1
136,2022-05-18 18:41:08*别说了-佳佳*111
137,2022-05-18 18:41:58*贝静星*1
138,2022-05-18 18:42:33*普罗透斯浮生之相*都是会员说话嚣张点
139,2022-05-18 18:42:44*thbds*1
140,2022-05-18 18:39:07*下饭指挥官*打卡
141,2022-05-18 18:39:17*小丫么小儿郎*1
142,2022-05-18 18:39:32*小摆哥227229*1
143,2022-05-18 18:40:19*文静从小就很可爱*打卡
144,2022-05-18 18:40:22*夜邪雪*1
145,2022-05-18 18:40:43*Rainade*1
146,2022-05-18 18:41:08*别说了-佳佳*111
147,2022-05-18 18:41:58*贝静星*1
148,2022-05-18 18:42:33*普罗透斯浮生之相*都是会员说话嚣张点
149,2022-05-18 18:42:44*thbds*1
150,2022-05-18 18:39:17*小丫么小儿郎*1
151,2022-05-18 18:39:32*小摆哥227229*1
152,2022-05-18 18:40:19*文静从小就很可爱*打卡
153,2022-05-18 18:40:22*夜邪雪*1
154,2022-05-18 18:40:43*Rainade*1
155,2022-05-18 18:41:08*别说了-佳佳*111
156,2022-05-18 18:41:58*贝静星*1
157,2022-05-18 18:42:33*普罗透斯浮生之相*都是会员说话嚣张点
158,2022-05-18 18:42:44*thbds*1
159,2022-05-18 18:43:28*怕了怕了溜了*1
160,2022-05-18 18:39:17*小丫么小儿郎*1
161,2022-05-18 18:39:32*小摆哥227229*1
162,2022-05-18 18:40:19*文静从小就很可爱*打卡
163,2022-05-18 18:40:22*夜邪雪*1
164,2022-05-18 18:40:43*Rainade*1
165,2022-05-18 18:41:08*别说了-佳佳*111
166,2022-05-18 18:41:58*贝静星*1
167,2022-05-18 18:42:33*普罗透斯浮生之相*都是会员说话嚣张点
168,2022-05-18 18:42:44*thbds*1
169,2022-05-18 18:43:28*怕了怕了溜了*1
170,2022-05-18 18:39:17*小丫么小儿郎*1
171,2022-05-18 18:39:32*小摆哥227229*1
172,2022-05-18 18:40:19*文静从小就很可爱*打卡
173,2022-05-18 18:40:22*夜邪雪*1
174,2022-05-18 18:40:43*Rainade*1
175,2022-05-18 18:41:08*别说了-佳佳*111
176,2022-05-18 18:41:58*贝静星*1
177,2022-05-18 18:42:33*普罗透斯浮生之相*都是会员说话嚣张点
178,2022-05-18 18:42:44*thbds*1
179,2022-05-18 18:43:28*怕了怕了溜了*1
180,2022-05-18 18:39:17*小丫么小儿郎*1
181,2022-05-18 18:39:32*小摆哥227229*1
182,2022-05-18 18:40:19*文静从小就很可爱*打卡
183,2022-05-18 18:40:22*夜邪雪*1
184,2022-05-18 18:40:43*Rainade*1
185,2022-05-18 18:41:08*别说了-佳佳*111
186,2022-05-18 18:41:58*贝静星*1
187,2022-05-18 18:42:33*普罗透斯浮生之相*都是会员说话嚣张点
188,2022-05-18 18:42:44*thbds*1
189,2022-05-18 18:43:28*怕了怕了溜了*1
190,2022-05-18 18:39:32*小摆哥227229*1
191,2022-05-18 18:40:19*文静从小就很可爱*打卡
192,2022-05-18 18:40:22*夜邪雪*1
193,2022-05-18 18:40:43*Rainade*1
194,2022-05-18 18:41:08*别说了-佳佳*111
195,2022-05-18 18:41:58*贝静星*1
196,2022-05-18 18:42:33*普罗透斯浮生之相*都是会员说话嚣张点
197,2022-05-18 18:42:44*thbds*1
198,2022-05-18 18:43:28*怕了怕了溜了*1
199,2022-05-18 18:43:51*Square_meter*.
200,2022-05-18 18:39:32*小摆哥227229*1
201,2022-05-18 18:40:19*文静从小就很可爱*打卡
202,2022-05-18 18:40:22*夜邪雪*1
203,2022-05-18 18:40:43*Rainade*1
204,2022-05-18 18:41:08*别说了-佳佳*111
205,2022-05-18 18:41:58*贝静星*1
206,2022-05-18 18:42:33*普罗透斯浮生之相*都是会员说话嚣张点
207,2022-05-18 18:42:44*thbds*1
208,2022-05-18 18:43:28*怕了怕了溜了*1
209,2022-05-18 18:43:51*Square_meter*.
210,2022-05-18 18:39:32*小摆哥227229*1
211,2022-05-18 18:40:19*文静从小就很可爱*打卡
212,2022-05-18 18:40:22*夜邪雪*1
213,2022-05-18 18:40:43*Rainade*1
214,2022-05-18 18:41:08*别说了-佳佳*111
215,2022-05-18 18:41:58*贝静星*1
216,2022-05-18 18:42:33*普罗透斯浮生之相*都是会员说话嚣张点
217,2022-05-18 18:42:44*thbds*1
218,2022-05-18 18:43:28*怕了怕了溜了*1
219,2022-05-18 18:43:51*Square_meter*.
220,2022-05-18 18:39:32*小摆哥227229*1
221,2022-05-18 18:40:19*文静从小就很可爱*打卡
222,2022-05-18 18:40:22*夜邪雪*1
223,2022-05-18 18:40:43*Rainade*1
224,2022-05-18 18:41:08*别说了-佳佳*111
225,2022-05-18 18:41:58*贝静星*1
226,2022-05-18 18:42:33*普罗透斯浮生之相*都是会员说话嚣张点
227,2022-05-18 18:42:44*thbds*1
228,2022-05-18 18:43:28*怕了怕了溜了*1
229,2022-05-18 18:43:51*Square_meter*.
230,2022-05-18 18:39:32*小摆哥227229*1
231,2022-05-18 18:40:19*文静从小就很可爱*打卡
232,2022-05-18 18:40:22*夜邪雪*1
233,2022-05-18 18:40:43*Rainade*1
234,2022-05-18 18:41:08*别说了-佳佳*111
235,2022-05-18 18:41:58*贝静星*1
236,2022-05-18 18:42:33*普罗透斯浮生之相*都是会员说话嚣张点
237,2022-05-18 18:42:44*thbds*1
238,2022-05-18 18:43:28*怕了怕了溜了*1
239,2022-05-18 18:43:51*Square_meter*.
,0
0,2022-05-18 18:40:19*文静从小就很可爱*打卡
1,2022-05-18 18:40:22*夜邪雪*1
2,2022-05-18 18:40:43*Rainade*1
3,2022-05-18 18:41:08*别说了-佳佳*111
4,2022-05-18 18:41:58*贝静星*1
5,2022-05-18 18:42:33*普罗透斯浮生之相*都是会员说话嚣张点
6,2022-05-18 18:42:44*thbds*1
7,2022-05-18 18:43:28*怕了怕了溜了*1
8,2022-05-18 18:43:51*Square_meter*.
9,2022-05-18 18:44:13*吃火锅蘸奶淇琳*mua~
10,2022-05-18 18:40:19*文静从小就很可爱*打卡
11,2022-05-18 18:40:22*夜邪雪*1
12,2022-05-18 18:40:43*Rainade*1
13,2022-05-18 18:41:08*别说了-佳佳*111
14,2022-05-18 18:41:58*贝静星*1
15,2022-05-18 18:42:33*普罗透斯浮生之相*都是会员说话嚣张点
16,2022-05-18 18:42:44*thbds*1
17,2022-05-18 18:43:28*怕了怕了溜了*1
18,2022-05-18 18:43:51*Square_meter*.
19,2022-05-18 18:44:13*吃火锅蘸奶淇琳*mua~
20,2022-05-18 18:40:19*文静从小就很可爱*打卡
21,2022-05-18 18:40:22*夜邪雪*1
22,2022-05-18 18:40:43*Rainade*1
23,2022-05-18 18:41:08*别说了-佳佳*111
24,2022-05-18 18:41:58*贝静星*1
25,2022-05-18 18:42:33*普罗透斯浮生之相*都是会员说话嚣张点
26,2022-05-18 18:42:44*thbds*1
27,2022-05-18 18:43:28*怕了怕了溜了*1
28,2022-05-18 18:43:51*Square_meter*.
29,2022-05-18 18:44:13*吃火锅蘸奶淇琳*mua~
30,2022-05-18 18:40:19*文静从小就很可爱*打卡
31,2022-05-18 18:40:22*夜邪雪*1
32,2022-05-18 18:40:43*Rainade*1
33,2022-05-18 18:41:08*别说了-佳佳*111
34,2022-05-18 18:41:58*贝静星*1
35,2022-05-18 18:42:33*普罗透斯浮生之相*都是会员说话嚣张点
36,2022-05-18 18:42:44*thbds*1
37,2022-05-18 18:43:28*怕了怕了溜了*1
38,2022-05-18 18:43:51*Square_meter*.
39,2022-05-18 18:44:13*吃火锅蘸奶淇琳*mua~
40,2022-05-18 18:40:22*夜邪雪*1
41,2022-05-18 18:40:43*Rainade*1
42,2022-05-18 18:41:08*别说了-佳佳*111
43,2022-05-18 18:41:58*贝静星*1
44,2022-05-18 18:42:33*普罗透斯浮生之相*都是会员说话嚣张点
45,2022-05-18 18:42:44*thbds*1
46,2022-05-18 18:43:28*怕了怕了溜了*1
47,2022-05-18 18:43:51*Square_meter*.
48,2022-05-18 18:44:13*吃火锅蘸奶淇琳*mua~
49,2022-05-18 18:44:34*GNK48-iridium*打卡
50,2022-05-18 18:40:22*夜邪雪*1
51,2022-05-18 18:40:43*Rainade*1
52,2022-05-18 18:41:08*别说了-佳佳*111
53,2022-05-18 18:41:58*贝静星*1
54,2022-05-18 18:42:33*普罗透斯浮生之相*都是会员说话嚣张点
55,2022-05-18 18:42:44*thbds*1
56,2022-05-18 18:43:28*怕了怕了溜了*1
57,2022-05-18 18:43:51*Square_meter*.
58,2022-05-18 18:44:13*吃火锅蘸奶淇琳*mua~
59,2022-05-18 18:44:34*GNK48-iridium*打卡
60,2022-05-18 18:40:43*Rainade*1
61,2022-05-18 18:41:08*别说了-佳佳*111
62,2022-05-18 18:41:58*贝静星*1
63,2022-05-18 18:42:33*普罗透斯浮生之相*都是会员说话嚣张点
64,2022-05-18 18:42:44*thbds*1
65,2022-05-18 18:43:28*怕了怕了溜了*1
66,2022-05-18 18:43:51*Square_meter*.
67,2022-05-18 18:44:13*吃火锅蘸奶淇琳*mua~
68,2022-05-18 18:44:34*GNK48-iridium*打卡
69,2022-05-18 18:44:44*刘某人的自留地*(￣3￣)
70,2022-05-18 18:40:43*Rainade*1
71,2022-05-18 18:41:08*别说了-佳佳*111
72,2022-05-18 18:41:58*贝静星*1
73,2022-05-18 18:42:33*普罗透斯浮生之相*都是会员说话嚣张点
74,2022-05-18 18:42:44*thbds*1
75,2022-05-18 18:43:28*怕了怕了溜了*1
76,2022-05-18 18:43:51*Square_meter*.
77,2022-05-18 18:44:13*吃火锅蘸奶淇琳*mua~
78,2022-05-18 18:44:34*GNK48-iridium*打卡
79,2022-05-18 18:44:44*刘某人的自留地*(￣3￣)
80,2022-05-18 18:40:43*Rainade*1
81,2022-05-18 18:41:08*别说了-佳佳*111
82,2022-05-18 18:41:58*贝静星*1
83,2022-05-18 18:42:33*普罗透斯浮生之相*都是会员说话嚣张点
84,2022-05-18 18:42:44*thbds*1
85,2022-05-18 18:43:28*怕了怕了溜了*1
86,2022-05-18 18:43:51*Square_meter*.
87,2022-05-18 18:44:13*吃火锅蘸奶淇琳*mua~
88,2022-05-18 18:44:34*GNK48-iridium*打卡
89,2022-05-18 18:44:44*刘某人的自留地*(￣3￣)
90,2022-05-18 18:40:43*Rainade*1
91,2022-05-18 18:41:08*别说了-佳佳*111
92,2022-05-18 18:41:58*贝静星*1
93,2022-05-18 18:42:33*普罗透斯浮生之相*都是会员说话嚣张点
94,2022-05-18 18:42:44*thbds*1
95,2022-05-18 18:43:28*怕了怕了溜了*1
96,2022-05-18 18:43:51*Square_meter*.
97,2022-05-18 18:44:13*吃火锅蘸奶淇琳*mua~
98,2022-05-18 18:44:34*GNK48-iridium*打卡
99,2022-05-18 18:44:44*刘某人的自留地*(￣3￣)
100,2022-05-18 18:40:43*Rainade*1
101,2022-05-18 18:41:08*别说了-佳佳*111
102,2022-05-18 18:41:58*贝静星*1
103,2022-05-18 18:42:33*普罗透斯浮生之相*都是会员说话嚣张点
104,2022-05-18 18:42:44*thbds*1
105,2022-05-18 18:43:28*怕了怕了溜了*1
106,2022-05-18 18:43:51*Square_meter*.
107,2022-05-18 18:44:13*吃火锅蘸奶淇琳*mua~
108,2022-05-18 18:44:34*GNK48-iridium*打卡
109,2022-05-18 18:44:44*刘某人的自留地*(￣3￣)
110,2022-05-18 18:40:43*Rainade*1
111,2022-05-18 18:41:08*别说了-佳佳*111
112,2022-05-18 18:41:58*贝静星*1
113,2022-05-18 18:42:33*普罗透斯浮生之相*都是会员说话嚣张点
114,2022-05-18 18:42:44*thbds*1
115,2022-05-18 18:43:28*怕了怕了溜了*1
116,2022-05-18 18:43:51*Square_meter*.
117,2022-05-18 18:44:13*吃火锅蘸奶淇琳*mua~
118,2022-05-18 18:44:34*GNK48-iridium*打卡
119,2022-05-18 18:44:44*刘某人的自留地*(￣3￣)
120,2022-05-18 18:40:43*Rainade*1
121,2022-05-18 18:41:08*别说了-佳佳*111
122,2022-05-18 18:41:58*贝静星*1
123,2022-05-18 18:42:33*普罗透斯浮生之相*都是会员说话嚣张点
124,2022-05-18 18:42:44*thbds*1
125,2022-05-18 18:43:28*怕了怕了溜了*1
126,2022-05-18 18:43:51*Square_meter*.
127,2022-05-18 18:44:13*吃火锅蘸奶淇琳*mua~
128,2022-05-18 18:44:34*GNK48-iridium*打卡
129,2022-05-18 18:44:44*刘某人的自留地*(￣3￣)
130,2022-05-18 18:40:43*Rainade*1
131,2022-05-18 18:41:08*别说了-佳佳*111
132,2022-05-18 18:41:58*贝静星*1
133,2022-05-18 18:42:33*普罗透斯浮生之相*都是会员说话嚣张点
134,2022-05-18 18:42:44*thbds*1
135,2022-05-18 18:43:28*怕了怕了溜了*1
136,2022-05-18 18:43:51*Square_meter*.
137,2022-05-18 18:44:13*吃火锅蘸奶淇琳*mua~
138,2022-05-18 18:44:34*GNK48-iridium*打卡
139,2022-05-18 18:44:44*刘某人的自留地*(￣3￣)
140,2022-05-18 18:41:58*贝静星*1
141,2022-05-18 18:42:33*普罗透斯浮生之相*都是会员说话嚣张点
142,2022-05-18 18:42:44*thbds*1
143,2022-05-18 18:43:28*怕了怕了溜了*1
144,2022-05-18 18:43:51*Square_meter*.
145,2022-05-18 18:44:13*吃火锅蘸奶淇琳*mua~
146,2022-05-18 18:44:34*GNK48-iridium*打卡
147,2022-05-18 18:44:44*刘某人的自留地*(￣3￣)
148,2022-05-18 18:45:25*卡内茉奶昔*1
149,2022-05-18 18:45:28*坠梦之影*钝角
150,2022-05-18 18:41:58*贝静星*1
151,2022-05-18 18:42:33*普罗透斯浮生之相*都是会员说话嚣张点
152,2022-05-18 18:42:44*thbds*1
153,2022-05-18 18:43:28*怕了怕了溜了*1
154,2022-05-18 18:43:51*Square_meter*.
155,2022-05-18 18:44:13*吃火锅蘸奶淇琳*mua~
156,2022-05-18 18:44:34*GNK48-iridium*打卡
157,2022-05-18 18:44:44*刘某人的自留地*(￣3￣)
158,2022-05-18 18:45:25*卡内茉奶昔*1
159,2022-05-18 18:45:28*坠梦之影*钝角
160,2022-05-18 18:42:33*普罗透斯浮生之相*都是会员说话嚣张点
161,2022-05-18 18:42:44*thbds*1
162,2022-05-18 18:43:28*怕了怕了溜了*1
163,2022-05-18 18:43:51*Square_meter*.
164,2022-05-18 18:44:13*吃火锅蘸奶淇琳*mua~
165,2022-05-18 18:44:34*GNK48-iridium*打卡
166,2022-05-18 18:44:44*刘某人的自留地*(￣3￣)
167,2022-05-18 18:45:25*卡内茉奶昔*1
168,2022-05-18 18:45:28*坠梦之影*钝角
169,2022-05-18 18:45:37*啵啵奶狗ww*1
170,2022-05-18 18:42:33*普罗透斯浮生之相*都是会员说话嚣张点
171,2022-05-18 18:42:44*thbds*1
172,2022-05-18 18:43:28*怕了怕了溜了*1
173,2022-05-18 18:43:51*Square_meter*.
174,2022-05-18 18:44:13*吃火锅蘸奶淇琳*mua~
175,2022-05-18 18:44:34*GNK48-iridium*打卡
176,2022-05-18 18:44:44*刘某人的自留地*(￣3￣)
177,2022-05-18 18:45:25*卡内茉奶昔*1
178,2022-05-18 18:45:28*坠梦之影*钝角
179,2022-05-18 18:45:37*啵啵奶狗ww*1
180,2022-05-18 18:42:44*thbds*1
181,2022-05-18 18:43:28*怕了怕了溜了*1
182,2022-05-18 18:43:51*Square_meter*.
183,2022-05-18 18:44:13*吃火锅蘸奶淇琳*mua~
184,2022-05-18 18:44:34*GNK48-iridium*打卡
185,2022-05-18 18:44:44*刘某人的自留地*(￣3￣)
186,2022-05-18 18:45:25*卡内茉奶昔*1
187,2022-05-18 18:45:28*坠梦之影*钝角
188,2022-05-18 18:45:37*啵啵奶狗ww*1
189,2022-05-18 18:45:45*云端少女莫妮卡*有点东西
190,2022-05-18 18:42:44*thbds*1
191,2022-05-18 18:43:28*怕了怕了溜了*1
192,2022-05-18 18:43:51*Square_meter*.
193,2022-05-18 18:44:13*吃火锅蘸奶淇琳*mua~
194,2022-05-18 18:44:34*GNK48-iridium*打卡
195,2022-05-18 18:44:44*刘某人的自留地*(￣3￣)
196,2022-05-18 18:45:25*卡内茉奶昔*1
197,2022-05-18 18:45:28*坠梦之影*钝角
198,2022-05-18 18:45:37*啵啵奶狗ww*1
199,2022-05-18 18:45:45*云端少女莫妮卡*有点东西
200,2022-05-18 18:43:28*怕了怕了溜了*1
201,2022-05-18 18:43:51*Square_meter*.
202,2022-05-18 18:44:13*吃火锅蘸奶淇琳*mua~
203,2022-05-18 18:44:34*GNK48-iridium*打卡
204,2022-05-18 18:44:44*刘某人的自留地*(￣3￣)
205,2022-05-18 18:45:25*卡内茉奶昔*1
206,2022-05-18 18:45:28*坠梦之影*钝角
207,2022-05-18 18:45:37*啵啵奶狗ww*1
208,2022-05-18 18:45:45*云端少女莫妮卡*有点东西
209,2022-05-18 18:45:55*许世曜灵*1
210,2022-05-18 18:43:51*Square_meter*.
211,2022-05-18 18:44:13*吃火锅蘸奶淇琳*mua~
212,2022-05-18 18:44:34*GNK48-iridium*打卡
213,2022-05-18 18:44:44*刘某人的自留地*(￣3￣)
214,2022-05-18 18:45:25*卡内茉奶昔*1
215,2022-05-18 18:45:28*坠梦之影*钝角
216,2022-05-18 18:45:37*啵啵奶狗ww*1
217,2022-05-18 18:45:45*云端少女莫妮卡*有点东西
218,2022-05-18 18:45:55*许世曜灵*1
219,2022-05-18 18:46:01*一雄聚首开天地*乐乐呜呜乐乐
220,2022-05-18 18:44:13*吃火锅蘸奶淇琳*mua~
221,2022-05-18 18:44:34*GNK48-iridium*打卡
222,2022-05-18 18:44:44*刘某人的自留地*(￣3￣)
223,2022-05-18 18:45:25*卡内茉奶昔*1
224,2022-05-18 18:45:28*坠梦之影*钝角
225,2022-05-18 18:45:37*啵啵奶狗ww*1
226,2022-05-18 18:45:45*云端少女莫妮卡*有点东西
227,2022-05-18 18:45:55*许世曜灵*1
228,2022-05-18 18:46:01*一雄聚首开天地*乐乐呜呜乐乐
229,2022-05-18 18:46:07*小狐乞齐*1
230,2022-05-18 18:44:13*吃火锅蘸奶淇琳*mua~
231,2022-05-18 18:44:34*GNK48-iridium*打卡
232,2022-05-18 18:44:44*刘某人的自留地*(￣3￣)
233,2022-05-18 18:45:25*卡内茉奶昔*1
234,2022-05-18 18:45:28*坠梦之影*钝角
235,2022-05-18 18:45:37*啵啵奶狗ww*1
236,2022-05-18 18:45:45*云端少女莫妮卡*有点东西
237,2022-05-18 18:45:55*许世曜灵*1
238,2022-05-18 18:46:01*一雄聚首开天地*乐乐呜呜乐乐
239,2022-05-18 18:46:07*小狐乞齐*1
,0
0,2022-05-18 18:44:13*吃火锅蘸奶淇琳*mua~
1,2022-05-18 18:44:34*GNK48-iridium*打卡
2,2022-05-18 18:44:44*刘某人的自留地*(￣3￣)
3,2022-05-18 18:45:25*卡内茉奶昔*1
4,2022-05-18 18:45:28*坠梦之影*钝角
5,2022-05-18 18:45:37*啵啵奶狗ww*1
6,2022-05-18 18:45:45*云端少女莫妮卡*有点东西
7,2022-05-18 18:45:55*许世曜灵*1
8,2022-05-18 18:46:01*一雄聚首开天地*乐乐呜呜乐乐
9,2022-05-18 18:46:07*小狐乞齐*1
10,2022-05-18 18:44:13*吃火锅蘸奶淇琳*mua~
11,2022-05-18 18:44:34*GNK48-iridium*打卡
12,2022-05-18 18:44:44*刘某人的自留地*(￣3￣)
13,2022-05-18 18:45:25*卡内茉奶昔*1
14,2022-05-18 18:45:28*坠梦之影*钝角
15,2022-05-18 18:45:37*啵啵奶狗ww*1
16,2022-05-18 18:45:45*云端少女莫妮卡*有点东西
17,2022-05-18 18:45:55*许世曜灵*1
18,2022-05-18 18:46:01*一雄聚首开天地*乐乐呜呜乐乐
19,2022-05-18 18:46:07*小狐乞齐*1
20,2022-05-18 18:44:13*吃火锅蘸奶淇琳*mua~
21,2022-05-18 18:44:34*GNK48-iridium*打卡
22,2022-05-18 18:44:44*刘某人的自留地*(￣3￣)
23,2022-05-18 18:45:25*卡内茉奶昔*1
24,2022-05-18 18:45:28*坠梦之影*钝角
25,2022-05-18 18:45:37*啵啵奶狗ww*1
26,2022-05-18 18:45:45*云端少女莫妮卡*有点东西
27,2022-05-18 18:45:55*许世曜灵*1
28,2022-05-18 18:46:01*一雄聚首开天地*乐乐呜呜乐乐
29,2022-05-18 18:46:07*小狐乞齐*1
30,2022-05-18 18:44:34*GNK48-iridium*打卡
31,2022-05-18 18:44:44*刘某人的自留地*(￣3￣)
32,2022-05-18 18:45:25*卡内茉奶昔*1
33,2022-05-18 18:45:28*坠梦之影*钝角
34,2022-05-18 18:45:37*啵啵奶狗ww*1
35,2022-05-18 18:45:45*云端少女莫妮卡*有点东西
36,2022-05-18 18:45:55*许世曜灵*1
37,2022-05-18 18:46:01*一雄聚首开天地*乐乐呜呜乐乐
38,2022-05-18 18:46:07*小狐乞齐*1
39,2022-05-18 18:46:30*学者交流*（￣▽￣）
40,2022-05-18 18:45:25*卡内茉奶昔*1
41,2022-05-18 18:45:28*坠梦之影*钝角
42,2022-05-18 18:45:37*啵啵奶狗ww*1
43,2022-05-18 18:45:45*云端少女莫妮卡*有点东西
44,2022-05-18 18:45:55*许世曜灵*1
45,2022-05-18 18:46:01*一雄聚首开天地*乐乐呜呜乐乐
46,2022-05-18 18:46:07*小狐乞齐*1
47,2022-05-18 18:46:30*学者交流*（￣▽￣）
48,2022-05-18 18:46:37*小哔仔子_*1
49,2022-05-18 18:46:38*懒散の病*1
50,2022-05-18 18:45:28*坠梦之影*钝角
51,2022-05-18 18:45:37*啵啵奶狗ww*1
52,2022-05-18 18:45:45*云端少女莫妮卡*有点东西
53,2022-05-18 18:45:55*许世曜灵*1
54,2022-05-18 18:46:01*一雄聚首开天地*乐乐呜呜乐乐
55,2022-05-18 18:46:07*小狐乞齐*1
56,2022-05-18 18:46:30*学者交流*（￣▽￣）
57,2022-05-18 18:46:37*小哔仔子_*1
58,2022-05-18 18:46:38*懒散の病*1
59,2022-05-18 18:46:45*JLVincent*暗中观察
60,2022-05-18 18:45:37*啵啵奶狗ww*1
61,2022-05-18 18:45:45*云端少女莫妮卡*有点东西
62,2022-05-18 18:45:55*许世曜灵*1
63,2022-05-18 18:46:01*一雄聚首开天地*乐乐呜呜乐乐
64,2022-05-18 18:46:07*小狐乞齐*1
65,2022-05-18 18:46:30*学者交流*（￣▽￣）
66,2022-05-18 18:46:37*小哔仔子_*1
67,2022-05-18 18:46:38*懒散の病*1
68,2022-05-18 18:46:45*JLVincent*暗中观察
69,2022-05-18 18:46:48*贝拉拉的闪光弹*好好好
70,2022-05-18 18:45:45*云端少女莫妮卡*有点东西
71,2022-05-18 18:45:55*许世曜灵*1
72,2022-05-18 18:46:01*一雄聚首开天地*乐乐呜呜乐乐
73,2022-05-18 18:46:07*小狐乞齐*1
74,2022-05-18 18:46:30*学者交流*（￣▽￣）
75,2022-05-18 18:46:37*小哔仔子_*1
76,2022-05-18 18:46:38*懒散の病*1
77,2022-05-18 18:46:45*JLVincent*暗中观察
78,2022-05-18 18:46:48*贝拉拉的闪光弹*好好好
79,2022-05-18 18:46:54*JLVincent*1
80,2022-05-18 18:45:45*云端少女莫妮卡*有点东西
81,2022-05-18 18:45:55*许世曜灵*1
82,2022-05-18 18:46:01*一雄聚首开天地*乐乐呜呜乐乐
83,2022-05-18 18:46:07*小狐乞齐*1
84,2022-05-18 18:46:30*学者交流*（￣▽￣）
85,2022-05-18 18:46:37*小哔仔子_*1
86,2022-05-18 18:46:38*懒散の病*1
87,2022-05-18 18:46:45*JLVincent*暗中观察
88,2022-05-18 18:46:48*贝拉拉的闪光弹*好好好
89,2022-05-18 18:46:54*JLVincent*1
90,2022-05-18 18:45:45*云端少女莫妮卡*有点东西
91,2022-05-18 18:45:55*许世曜灵*1
92,2022-05-18 18:46:01*一雄聚首开天地*乐乐呜呜乐乐
93,2022-05-18 18:46:07*小狐乞齐*1
94,2022-05-18 18:46:30*学者交流*（￣▽￣）
95,2022-05-18 18:46:37*小哔仔子_*1
96,2022-05-18 18:46:38*懒散の病*1
97,2022-05-18 18:46:45*JLVincent*暗中观察
98,2022-05-18 18:46:48*贝拉拉的闪光弹*好好好
99,2022-05-18 18:46:54*JLVincent*1
100,2022-05-18 18:45:45*云端少女莫妮卡*有点东西
101,2022-05-18 18:45:55*许世曜灵*1
102,2022-05-18 18:46:01*一雄聚首开天地*乐乐呜呜乐乐
103,2022-05-18 18:46:07*小狐乞齐*1
104,2022-05-18 18:46:30*学者交流*（￣▽￣）
105,2022-05-18 18:46:37*小哔仔子_*1
106,2022-05-18 18:46:38*懒散の病*1
107,2022-05-18 18:46:45*JLVincent*暗中观察
108,2022-05-18 18:46:48*贝拉拉的闪光弹*好好好
109,2022-05-18 18:46:54*JLVincent*1
110,2022-05-18 18:45:45*云端少女莫妮卡*有点东西
111,2022-05-18 18:45:55*许世曜灵*1
112,2022-05-18 18:46:01*一雄聚首开天地*乐乐呜呜乐乐
113,2022-05-18 18:46:07*小狐乞齐*1
114,2022-05-18 18:46:30*学者交流*（￣▽￣）
115,2022-05-18 18:46:37*小哔仔子_*1
116,2022-05-18 18:46:38*懒散の病*1
117,2022-05-18 18:46:45*JLVincent*暗中观察
118,2022-05-18 18:46:48*贝拉拉的闪光弹*好好好
119,2022-05-18 18:46:54*JLVincent*1
120,2022-05-18 18:45:45*云端少女莫妮卡*有点东西
121,2022-05-18 18:45:55*许世曜灵*1
122,2022-05-18 18:46:01*一雄聚首开天地*乐乐呜呜乐乐
123,2022-05-18 18:46:07*小狐乞齐*1
124,2022-05-18 18:46:30*学者交流*（￣▽￣）
125,2022-05-18 18:46:37*小哔仔子_*1
126,2022-05-18 18:46:38*懒散の病*1
127,2022-05-18 18:46:45*JLVincent*暗中观察
128,2022-05-18 18:46:48*贝拉拉的闪光弹*好好好
129,2022-05-18 18:46:54*JLVincent*1
130,2022-05-18 18:45:45*云端少女莫妮卡*有点东西
131,2022-05-18 18:45:55*许世曜灵*1
132,2022-05-18 18:46:01*一雄聚首开天地*乐乐呜呜乐乐
133,2022-05-18 18:46:07*小狐乞齐*1
134,2022-05-18 18:46:30*学者交流*（￣▽￣）
135,2022-05-18 18:46:37*小哔仔子_*1
136,2022-05-18 18:46:38*懒散の病*1
137,2022-05-18 18:46:45*JLVincent*暗中观察
138,2022-05-18 18:46:48*贝拉拉的闪光弹*好好好
139,2022-05-18 18:46:54*JLVincent*1
140,2022-05-18 18:45:45*云端少女莫妮卡*有点东西
141,2022-05-18 18:45:55*许世曜灵*1
142,2022-05-18 18:46:01*一雄聚首开天地*乐乐呜呜乐乐
143,2022-05-18 18:46:07*小狐乞齐*1
144,2022-05-18 18:46:30*学者交流*（￣▽￣）
145,2022-05-18 18:46:37*小哔仔子_*1
146,2022-05-18 18:46:38*懒散の病*1
147,2022-05-18 18:46:45*JLVincent*暗中观察
148,2022-05-18 18:46:48*贝拉拉的闪光弹*好好好
149,2022-05-18 18:46:54*JLVincent*1
150,2022-05-18 18:45:45*云端少女莫妮卡*有点东西
151,2022-05-18 18:45:55*许世曜灵*1
152,2022-05-18 18:46:01*一雄聚首开天地*乐乐呜呜乐乐
153,2022-05-18 18:46:07*小狐乞齐*1
154,2022-05-18 18:46:30*学者交流*（￣▽￣）
155,2022-05-18 18:46:37*小哔仔子_*1
156,2022-05-18 18:46:38*懒散の病*1
157,2022-05-18 18:46:45*JLVincent*暗中观察
158,2022-05-18 18:46:48*贝拉拉的闪光弹*好好好
159,2022-05-18 18:46:54*JLVincent*1
160,2022-05-18 18:45:45*云端少女莫妮卡*有点东西
161,2022-05-18 18:45:55*许世曜灵*1
162,2022-05-18 18:46:01*一雄聚首开天地*乐乐呜呜乐乐
163,2022-05-18 18:46:07*小狐乞齐*1
164,2022-05-18 18:46:30*学者交流*（￣▽￣）
165,2022-05-18 18:46:37*小哔仔子_*1
166,2022-05-18 18:46:38*懒散の病*1
167,2022-05-18 18:46:45*JLVincent*暗中观察
168,2022-05-18 18:46:48*贝拉拉的闪光弹*好好好
169,2022-05-18 18:46:54*JLVincent*1
170,2022-05-18 18:45:55*许世曜灵*1
171,2022-05-18 18:46:01*一雄聚首开天地*乐乐呜呜乐乐
172,2022-05-18 18:46:07*小狐乞齐*1
173,2022-05-18 18:46:30*学者交流*（￣▽￣）
174,2022-05-18 18:46:37*小哔仔子_*1
175,2022-05-18 18:46:38*懒散の病*1
176,2022-05-18 18:46:45*JLVincent*暗中观察
177,2022-05-18 18:46:48*贝拉拉的闪光弹*好好好
178,2022-05-18 18:46:54*JLVincent*1
179,2022-05-18 18:47:44*沃聋*1
180,2022-05-18 18:45:55*许世曜灵*1
181,2022-05-18 18:46:01*一雄聚首开天地*乐乐呜呜乐乐
182,2022-05-18 18:46:07*小狐乞齐*1
183,2022-05-18 18:46:30*学者交流*（￣▽￣）
184,2022-05-18 18:46:37*小哔仔子_*1
185,2022-05-18 18:46:38*懒散の病*1
186,2022-05-18 18:46:45*JLVincent*暗中观察
187,2022-05-18 18:46:48*贝拉拉的闪光弹*好好好
188,2022-05-18 18:46:54*JLVincent*1
189,2022-05-18 18:47:44*沃聋*1
190,2022-05-18 18:45:55*许世曜灵*1
191,2022-05-18 18:46:01*一雄聚首开天地*乐乐呜呜乐乐
192,2022-05-18 18:46:07*小狐乞齐*1
193,2022-05-18 18:46:30*学者交流*（￣▽￣）
194,2022-05-18 18:46:37*小哔仔子_*1
195,2022-05-18 18:46:38*懒散の病*1
196,2022-05-18 18:46:45*JLVincent*暗中观察
197,2022-05-18 18:46:48*贝拉拉的闪光弹*好好好
198,2022-05-18 18:46:54*JLVincent*1
199,2022-05-18 18:47:44*沃聋*1
200,2022-05-18 18:46:01*一雄聚首开天地*乐乐呜呜乐乐
201,2022-05-18 18:46:07*小狐乞齐*1
202,2022-05-18 18:46:30*学者交流*（￣▽￣）
203,2022-05-18 18:46:37*小哔仔子_*1
204,2022-05-18 18:46:38*懒散の病*1
205,2022-05-18 18:46:45*JLVincent*暗中观察
206,2022-05-18 18:46:48*贝拉拉的闪光弹*好好好
207,2022-05-18 18:46:54*JLVincent*1
208,2022-05-18 18:47:44*沃聋*1
209,2022-05-18 18:48:00*自在极意悟吉塔6*？
210,2022-05-18 18:46:01*一雄聚首开天地*乐乐呜呜乐乐
211,2022-05-18 18:46:07*小狐乞齐*1
212,2022-05-18 18:46:30*学者交流*（￣▽￣）
213,2022-05-18 18:46:37*小哔仔子_*1
214,2022-05-18 18:46:38*懒散の病*1
215,2022-05-18 18:46:45*JLVincent*暗中观察
216,2022-05-18 18:46:48*贝拉拉的闪光弹*好好好
217,2022-05-18 18:46:54*JLVincent*1
218,2022-05-18 18:47:44*沃聋*1
219,2022-05-18 18:48:00*自在极意悟吉塔6*？
220,2022-05-18 18:46:07*小狐乞齐*1
221,2022-05-18 18:46:30*学者交流*（￣▽￣）
222,2022-05-18 18:46:37*小哔仔子_*1
223,2022-05-18 18:46:38*懒散の病*1
224,2022-05-18 18:46:45*JLVincent*暗中观察
225,2022-05-18 18:46:48*贝拉拉的闪光弹*好好好
226,2022-05-18 18:46:54*JLVincent*1
227,2022-05-18 18:47:44*沃聋*1
228,2022-05-18 18:48:00*自在极意悟吉塔6*？
229,2022-05-18 18:48:08*啵啵奇塔ww*ε=ε=(ノ≧∇≦)ノ
230,2022-05-18 18:46:30*学者交流*（￣▽￣）
231,2022-05-18 18:46:37*小哔仔子_*1
232,2022-05-18 18:46:38*懒散の病*1
233,2022-05-18 18:46:45*JLVincent*暗中观察
234,2022-05-18 18:46:48*贝拉拉的闪光弹*好好好
235,2022-05-18 18:46:54*JLVincent*1
236,2022-05-18 18:47:44*沃聋*1
237,2022-05-18 18:48:00*自在极意悟吉塔6*？
238,2022-05-18 18:48:08*啵啵奇塔ww*ε=ε=(ノ≧∇≦)ノ
239,2022-05-18 18:48:15*一忝青云客*有点东西
,0
0,2022-05-18 18:46:30*学者交流*（￣▽￣）
1,2022-05-18 18:46:37*小哔仔子_*1
2,2022-05-18 18:46:38*懒散の病*1
3,2022-05-18 18:46:45*JLVincent*暗中观察
4,2022-05-18 18:46:48*贝拉拉的闪光弹*好好好
5,2022-05-18 18:46:54*JLVincent*1
6,2022-05-18 18:47:44*沃聋*1
7,2022-05-18 18:48:00*自在极意悟吉塔6*？
8,2022-05-18 18:48:08*啵啵奇塔ww*ε=ε=(ノ≧∇≦)ノ
9,2022-05-18 18:48:15*一忝青云客*有点东西
10,2022-05-18 18:46:30*学者交流*（￣▽￣）
11,2022-05-18 18:46:37*小哔仔子_*1
12,2022-05-18 18:46:38*懒散の病*1
13,2022-05-18 18:46:45*JLVincent*暗中观察
14,2022-05-18 18:46:48*贝拉拉的闪光弹*好好好
15,2022-05-18 18:46:54*JLVincent*1
16,2022-05-18 18:47:44*沃聋*1
17,2022-05-18 18:48:00*自在极意悟吉塔6*？
18,2022-05-18 18:48:08*啵啵奇塔ww*ε=ε=(ノ≧∇≦)ノ
19,2022-05-18 18:48:15*一忝青云客*有点东西
20,2022-05-18 18:46:30*学者交流*（￣▽￣）
21,2022-05-18 18:46:37*小哔仔子_*1
22,2022-05-18 18:46:38*懒散の病*1
23,2022-05-18 18:46:45*JLVincent*暗中观察
24,2022-05-18 18:46:48*贝拉拉的闪光弹*好好好
25,2022-05-18 18:46:54*JLVincent*1
26,2022-05-18 18:47:44*沃聋*1
27,2022-05-18 18:48:00*自在极意悟吉塔6*？
28,2022-05-18 18:48:08*啵啵奇塔ww*ε=ε=(ノ≧∇≦)ノ
29,2022-05-18 18:48:15*一忝青云客*有点东西
30,2022-05-18 18:46:38*懒散の病*1
31,2022-05-18 18:46:45*JLVincent*暗中观察
32,2022-05-18 18:46:48*贝拉拉的闪光弹*好好好
33,2022-05-18 18:46:54*JLVincent*1
34,2022-05-18 18:47:44*沃聋*1
35,2022-05-18 18:48:00*自在极意悟吉塔6*？
36,2022-05-18 18:48:08*啵啵奇塔ww*ε=ε=(ノ≧∇≦)ノ
37,2022-05-18 18:48:15*一忝青云客*有点东西
38,2022-05-18 18:48:32*在下子阳*(⌒▽⌒)
39,2022-05-18 18:48:35*一忝青云客*妙啊
40,2022-05-18 18:46:38*懒散の病*1
41,2022-05-18 18:46:45*JLVincent*暗中观察
42,2022-05-18 18:46:48*贝拉拉的闪光弹*好好好
43,2022-05-18 18:46:54*JLVincent*1
44,2022-05-18 18:47:44*沃聋*1
45,2022-05-18 18:48:00*自在极意悟吉塔6*？
46,2022-05-18 18:48:08*啵啵奇塔ww*ε=ε=(ノ≧∇≦)ノ
47,2022-05-18 18:48:15*一忝青云客*有点东西
48,2022-05-18 18:48:32*在下子阳*(⌒▽⌒)
49,2022-05-18 18:48:35*一忝青云客*妙啊
50,2022-05-18 18:46:38*懒散の病*1
51,2022-05-18 18:46:45*JLVincent*暗中观察
52,2022-05-18 18:46:48*贝拉拉的闪光弹*好好好
53,2022-05-18 18:46:54*JLVincent*1
54,2022-05-18 18:47:44*沃聋*1
55,2022-05-18 18:48:00*自在极意悟吉塔6*？
56,2022-05-18 18:48:08*啵啵奇塔ww*ε=ε=(ノ≧∇≦)ノ
57,2022-05-18 18:48:15*一忝青云客*有点东西
58,2022-05-18 18:48:32*在下子阳*(⌒▽⌒)
59,2022-05-18 18:48:35*一忝青云客*妙啊
60,2022-05-18 18:46:38*懒散の病*1
61,2022-05-18 18:46:45*JLVincent*暗中观察
62,2022-05-18 18:46:48*贝拉拉的闪光弹*好好好
63,2022-05-18 18:46:54*JLVincent*1
64,2022-05-18 18:47:44*沃聋*1
65,2022-05-18 18:48:00*自在极意悟吉塔6*？
66,2022-05-18 18:48:08*啵啵奇塔ww*ε=ε=(ノ≧∇≦)ノ
67,2022-05-18 18:48:15*一忝青云客*有点东西
68,2022-05-18 18:48:32*在下子阳*(⌒▽⌒)
69,2022-05-18 18:48:35*一忝青云客*妙啊
70,2022-05-18 18:46:38*懒散の病*1
71,2022-05-18 18:46:45*JLVincent*暗中观察
72,2022-05-18 18:46:48*贝拉拉的闪光弹*好好好
73,2022-05-18 18:46:54*JLVincent*1
74,2022-05-18 18:47:44*沃聋*1
75,2022-05-18 18:48:00*自在极意悟吉塔6*？
76,2022-05-18 18:48:08*啵啵奇塔ww*ε=ε=(ノ≧∇≦)ノ
77,2022-05-18 18:48:15*一忝青云客*有点东西
78,2022-05-18 18:48:32*在下子阳*(⌒▽⌒)
79,2022-05-18 18:48:35*一忝青云客*妙啊
80,2022-05-18 18:46:38*懒散の病*1
81,2022-05-18 18:46:45*JLVincent*暗中观察
82,2022-05-18 18:46:48*贝拉拉的闪光弹*好好好
83,2022-05-18 18:46:54*JLVincent*1
84,2022-05-18 18:47:44*沃聋*1
85,2022-05-18 18:48:00*自在极意悟吉塔6*？
86,2022-05-18 18:48:08*啵啵奇塔ww*ε=ε=(ノ≧∇≦)ノ
87,2022-05-18 18:48:15*一忝青云客*有点东西
88,2022-05-18 18:48:32*在下子阳*(⌒▽⌒)
89,2022-05-18 18:48:35*一忝青云客*妙啊
90,2022-05-18 18:46:38*懒散の病*1
91,2022-05-18 18:46:45*JLVincent*暗中观察
92,2022-05-18 18:46:48*贝拉拉的闪光弹*好好好
93,2022-05-18 18:46:54*JLVincent*1
94,2022-05-18 18:47:44*沃聋*1
95,2022-05-18 18:48:00*自在极意悟吉塔6*？
96,2022-05-18 18:48:08*啵啵奇塔ww*ε=ε=(ノ≧∇≦)ノ
97,2022-05-18 18:48:15*一忝青云客*有点东西
98,2022-05-18 18:48:32*在下子阳*(⌒▽⌒)
99,2022-05-18 18:48:35*一忝青云客*妙啊
100,2022-05-18 18:46:38*懒散の病*1
101,2022-05-18 18:46:45*JLVincent*暗中观察
102,2022-05-18 18:46:48*贝拉拉的闪光弹*好好好
103,2022-05-18 18:46:54*JLVincent*1
104,2022-05-18 18:47:44*沃聋*1
105,2022-05-18 18:48:00*自在极意悟吉塔6*？
106,2022-05-18 18:48:08*啵啵奇塔ww*ε=ε=(ノ≧∇≦)ノ
107,2022-05-18 18:48:15*一忝青云客*有点东西
108,2022-05-18 18:48:32*在下子阳*(⌒▽⌒)
109,2022-05-18 18:48:35*一忝青云客*妙啊
110,2022-05-18 18:46:38*懒散の病*1
111,2022-05-18 18:46:45*JLVincent*暗中观察
112,2022-05-18 18:46:48*贝拉拉的闪光弹*好好好
113,2022-05-18 18:46:54*JLVincent*1
114,2022-05-18 18:47:44*沃聋*1
115,2022-05-18 18:48:00*自在极意悟吉塔6*？
116,2022-05-18 18:48:08*啵啵奇塔ww*ε=ε=(ノ≧∇≦)ノ
117,2022-05-18 18:48:15*一忝青云客*有点东西
118,2022-05-18 18:48:32*在下子阳*(⌒▽⌒)
119,2022-05-18 18:48:35*一忝青云客*妙啊
120,2022-05-18 18:46:38*懒散の病*1
121,2022-05-18 18:46:45*JLVincent*暗中观察
122,2022-05-18 18:46:48*贝拉拉的闪光弹*好好好
123,2022-05-18 18:46:54*JLVincent*1
124,2022-05-18 18:47:44*沃聋*1
125,2022-05-18 18:48:00*自在极意悟吉塔6*？
126,2022-05-18 18:48:08*啵啵奇塔ww*ε=ε=(ノ≧∇≦)ノ
127,2022-05-18 18:48:15*一忝青云客*有点东西
128,2022-05-18 18:48:32*在下子阳*(⌒▽⌒)
129,2022-05-18 18:48:35*一忝青云客*妙啊
130,2022-05-18 18:46:45*JLVincent*暗中观察
131,2022-05-18 18:46:48*贝拉拉的闪光弹*好好好
132,2022-05-18 18:46:54*JLVincent*1
133,2022-05-18 18:47:44*沃聋*1
134,2022-05-18 18:48:00*自在极意悟吉塔6*？
135,2022-05-18 18:48:08*啵啵奇塔ww*ε=ε=(ノ≧∇≦)ノ
136,2022-05-18 18:48:15*一忝青云客*有点东西
137,2022-05-18 18:48:32*在下子阳*(⌒▽⌒)
138,2022-05-18 18:48:35*一忝青云客*妙啊
139,2022-05-18 18:49:27*Memories·Of·Nobody*我直播呢，原来是8点啊
140,2022-05-18 18:46:45*JLVincent*暗中观察
141,2022-05-18 18:46:48*贝拉拉的闪光弹*好好好
142,2022-05-18 18:46:54*JLVincent*1
143,2022-05-18 18:47:44*沃聋*1
144,2022-05-18 18:48:00*自在极意悟吉塔6*？
145,2022-05-18 18:48:08*啵啵奇塔ww*ε=ε=(ノ≧∇≦)ノ
146,2022-05-18 18:48:15*一忝青云客*有点东西
147,2022-05-18 18:48:32*在下子阳*(⌒▽⌒)
148,2022-05-18 18:48:35*一忝青云客*妙啊
149,2022-05-18 18:49:27*Memories·Of·Nobody*我直播呢，原来是8点啊
150,2022-05-18 18:46:45*JLVincent*暗中观察
151,2022-05-18 18:46:48*贝拉拉的闪光弹*好好好
152,2022-05-18 18:46:54*JLVincent*1
153,2022-05-18 18:47:44*沃聋*1
154,2022-05-18 18:48:00*自在极意悟吉塔6*？
155,2022-05-18 18:48:08*啵啵奇塔ww*ε=ε=(ノ≧∇≦)ノ
156,2022-05-18 18:48:15*一忝青云客*有点东西
157,2022-05-18 18:48:32*在下子阳*(⌒▽⌒)
158,2022-05-18 18:48:35*一忝青云客*妙啊
159,2022-05-18 18:49:27*Memories·Of·Nobody*我直播呢，原来是8点啊
160,2022-05-18 18:46:45*JLVincent*暗中观察
161,2022-05-18 18:46:48*贝拉拉的闪光弹*好好好
162,2022-05-18 18:46:54*JLVincent*1
163,2022-05-18 18:47:44*沃聋*1
164,2022-05-18 18:48:00*自在极意悟吉塔6*？
165,2022-05-18 18:48:08*啵啵奇塔ww*ε=ε=(ノ≧∇≦)ノ
166,2022-05-18 18:48:15*一忝青云客*有点东西
167,2022-05-18 18:48:32*在下子阳*(⌒▽⌒)
168,2022-05-18 18:48:35*一忝青云客*妙啊
169,2022-05-18 18:49:27*Memories·Of·Nobody*我直播呢，原来是8点啊
170,2022-05-18 18:46:45*JLVincent*暗中观察
171,2022-05-18 18:46:48*贝拉拉的闪光弹*好好好
172,2022-05-18 18:46:54*JLVincent*1
173,2022-05-18 18:47:44*沃聋*1
174,2022-05-18 18:48:00*自在极意悟吉塔6*？
175,2022-05-18 18:48:08*啵啵奇塔ww*ε=ε=(ノ≧∇≦)ノ
176,2022-05-18 18:48:15*一忝青云客*有点东西
177,2022-05-18 18:48:32*在下子阳*(⌒▽⌒)
178,2022-05-18 18:48:35*一忝青云客*妙啊
179,2022-05-18 18:49:27*Memories·Of·Nobody*我直播呢，原来是8点啊
180,2022-05-18 18:46:45*JLVincent*暗中观察
181,2022-05-18 18:46:48*贝拉拉的闪光弹*好好好
182,2022-05-18 18:46:54*JLVincent*1
183,2022-05-18 18:47:44*沃聋*1
184,2022-05-18 18:48:00*自在极意悟吉塔6*？
185,2022-05-18 18:48:08*啵啵奇塔ww*ε=ε=(ノ≧∇≦)ノ
186,2022-05-18 18:48:15*一忝青云客*有点东西
187,2022-05-18 18:48:32*在下子阳*(⌒▽⌒)
188,2022-05-18 18:48:35*一忝青云客*妙啊
189,2022-05-18 18:49:27*Memories·Of·Nobody*我直播呢，原来是8点啊
190,2022-05-18 18:46:45*JLVincent*暗中观察
191,2022-05-18 18:46:48*贝拉拉的闪光弹*好好好
192,2022-05-18 18:46:54*JLVincent*1
193,2022-05-18 18:47:44*沃聋*1
194,2022-05-18 18:48:00*自在极意悟吉塔6*？
195,2022-05-18 18:48:08*啵啵奇塔ww*ε=ε=(ノ≧∇≦)ノ
196,2022-05-18 18:48:15*一忝青云客*有点东西
197,2022-05-18 18:48:32*在下子阳*(⌒▽⌒)
198,2022-05-18 18:48:35*一忝青云客*妙啊
199,2022-05-18 18:49:27*Memories·Of·Nobody*我直播呢，原来是8点啊
200,2022-05-18 18:46:45*JLVincent*暗中观察
201,2022-05-18 18:46:48*贝拉拉的闪光弹*好好好
202,2022-05-18 18:46:54*JLVincent*1
203,2022-05-18 18:47:44*沃聋*1
204,2022-05-18 18:48:00*自在极意悟吉塔6*？
205,2022-05-18 18:48:08*啵啵奇塔ww*ε=ε=(ノ≧∇≦)ノ
206,2022-05-18 18:48:15*一忝青云客*有点东西
207,2022-05-18 18:48:32*在下子阳*(⌒▽⌒)
208,2022-05-18 18:48:35*一忝青云客*妙啊
209,2022-05-18 18:49:27*Memories·Of·Nobody*我直播呢，原来是8点啊
210,2022-05-18 18:46:45*JLVincent*暗中观察
211,2022-05-18 18:46:48*贝拉拉的闪光弹*好好好
212,2022-05-18 18:46:54*JLVincent*1
213,2022-05-18 18:47:44*沃聋*1
214,2022-05-18 18:48:00*自在极意悟吉塔6*？
215,2022-05-18 18:48:08*啵啵奇塔ww*ε=ε=(ノ≧∇≦)ノ
216,2022-05-18 18:48:15*一忝青云客*有点东西
217,2022-05-18 18:48:32*在下子阳*(⌒▽⌒)
218,2022-05-18 18:48:35*一忝青云客*妙啊
219,2022-05-18 18:49:27*Memories·Of·Nobody*我直播呢，原来是8点啊
220,2022-05-18 18:46:48*贝拉拉的闪光弹*好好好
221,2022-05-18 18:46:54*JLVincent*1
222,2022-05-18 18:47:44*沃聋*1
223,2022-05-18 18:48:00*自在极意悟吉塔6*？
224,2022-05-18 18:48:08*啵啵奇塔ww*ε=ε=(ノ≧∇≦)ノ
225,2022-05-18 18:48:15*一忝青云客*有点东西
226,2022-05-18 18:48:32*在下子阳*(⌒▽⌒)
227,2022-05-18 18:48:35*一忝青云客*妙啊
228,2022-05-18 18:49:27*Memories·Of·Nobody*我直播呢，原来是8点啊
229,2022-05-18 18:50:13*怕了怕了溜了*(°∀°)ﾉ
230,2022-05-18 18:46:48*贝拉拉的闪光弹*好好好
231,2022-05-18 18:46:54*JLVincent*1
232,2022-05-18 18:47:44*沃聋*1
233,2022-05-18 18:48:00*自在极意悟吉塔6*？
234,2022-05-18 18:48:08*啵啵奇塔ww*ε=ε=(ノ≧∇≦)ノ
235,2022-05-18 18:48:15*一忝青云客*有点东西
236,2022-05-18 18:48:32*在下子阳*(⌒▽⌒)
237,2022-05-18 18:48:35*一忝青云客*妙啊
238,2022-05-18 18:49:27*Memories·Of·Nobody*我直播呢，原来是8点啊
239,2022-05-18 18:50:13*怕了怕了溜了*(°∀°)ﾉ
,0
0,2022-05-24 21:13:03*JimboSanSan*赞
1,2022-05-24 21:13:06*辰月之三*赞
2,2022-05-24 21:13:09*JimboSanSan*赞
3,2022-05-24 21:13:15*一生如满月*老公老公
4,2022-05-24 21:13:36*提神醒脑*(⌒▽⌒)
5,2022-05-24 21:13:38*原初贝极星*拉宝拉宝，星星的宝
6,2022-05-24 21:13:57*篜爭*1
7,2022-05-24 21:14:01*妖怪吧你丶*1
8,2022-05-24 21:14:17*Silly_my*老公
9,2022-05-24 21:14:38*原初贝极星*拉宝拉宝，星星的宝
10,2022-05-24 21:13:06*辰月之三*赞
11,2022-05-24 21:13:09*JimboSanSan*赞
12,2022-05-24 21:13:15*一生如满月*老公老公
13,2022-05-24 21:13:36*提神醒脑*(⌒▽⌒)
14,2022-05-24 21:13:38*原初贝极星*拉宝拉宝，星星的宝
15,2022-05-24 21:13:57*篜爭*1
16,2022-05-24 21:14:01*妖怪吧你丶*1
17,2022-05-24 21:14:17*Silly_my*老公
18,2022-05-24 21:14:38*原初贝极星*拉宝拉宝，星星的宝
19,2022-05-24 21:14:51*真武荡魔天尊*打卡
20,2022-05-24 21:13:06*辰月之三*赞
21,2022-05-24 21:13:09*JimboSanSan*赞
22,2022-05-24 21:13:15*一生如满月*老公老公
23,2022-05-24 21:13:36*提神醒脑*(⌒▽⌒)
24,2022-05-24 21:13:38*原初贝极星*拉宝拉宝，星星的宝
25,2022-05-24 21:13:57*篜爭*1
26,2022-05-24 21:14:01*妖怪吧你丶*1
27,2022-05-24 21:14:17*Silly_my*老公
28,2022-05-24 21:14:38*原初贝极星*拉宝拉宝，星星的宝
29,2022-05-24 21:14:51*真武荡魔天尊*打卡
30,2022-05-24 21:13:06*辰月之三*赞
31,2022-05-24 21:13:09*JimboSanSan*赞
32,2022-05-24 21:13:15*一生如满月*老公老公
33,2022-05-24 21:13:36*提神醒脑*(⌒▽⌒)
34,2022-05-24 21:13:38*原初贝极星*拉宝拉宝，星星的宝
35,2022-05-24 21:13:57*篜爭*1
36,2022-05-24 21:14:01*妖怪吧你丶*1
37,2022-05-24 21:14:17*Silly_my*老公
38,2022-05-24 21:14:38*原初贝极星*拉宝拉宝，星星的宝
39,2022-05-24 21:14:51*真武荡魔天尊*打卡
40,2022-05-24 21:13:06*辰月之三*赞
41,2022-05-24 21:13:09*JimboSanSan*赞
42,2022-05-24 21:13:15*一生如满月*老公老公
43,2022-05-24 21:13:36*提神醒脑*(⌒▽⌒)
44,2022-05-24 21:13:38*原初贝极星*拉宝拉宝，星星的宝
45,2022-05-24 21:13:57*篜爭*1
46,2022-05-24 21:14:01*妖怪吧你丶*1
47,2022-05-24 21:14:17*Silly_my*老公
48,2022-05-24 21:14:38*原初贝极星*拉宝拉宝，星星的宝
49,2022-05-24 21:14:51*真武荡魔天尊*打卡
50,2022-05-24 21:13:06*辰月之三*赞
51,2022-05-24 21:13:09*JimboSanSan*赞
52,2022-05-24 21:13:15*一生如满月*老公老公
53,2022-05-24 21:13:36*提神醒脑*(⌒▽⌒)
54,2022-05-24 21:13:38*原初贝极星*拉宝拉宝，星星的宝
55,2022-05-24 21:13:57*篜爭*1
56,2022-05-24 21:14:01*妖怪吧你丶*1
57,2022-05-24 21:14:17*Silly_my*老公
58,2022-05-24 21:14:38*原初贝极星*拉宝拉宝，星星的宝
59,2022-05-24 21:14:51*真武荡魔天尊*打卡
60,2022-05-24 21:13:09*JimboSanSan*赞
61,2022-05-24 21:13:15*一生如满月*老公老公
62,2022-05-24 21:13:36*提神醒脑*(⌒▽⌒)
63,2022-05-24 21:13:38*原初贝极星*拉宝拉宝，星星的宝
64,2022-05-24 21:13:57*篜爭*1
65,2022-05-24 21:14:01*妖怪吧你丶*1
66,2022-05-24 21:14:17*Silly_my*老公
67,2022-05-24 21:14:38*原初贝极星*拉宝拉宝，星星的宝
68,2022-05-24 21:14:51*真武荡魔天尊*打卡
69,2022-05-24 21:15:13*Ai-Bot*打卡
70,2022-05-24 21:13:09*JimboSanSan*赞
71,2022-05-24 21:13:15*一生如满月*老公老公
72,2022-05-24 21:13:36*提神醒脑*(⌒▽⌒)
73,2022-05-24 21:13:38*原初贝极星*拉宝拉宝，星星的宝
74,2022-05-24 21:13:57*篜爭*1
75,2022-05-24 21:14:01*妖怪吧你丶*1
76,2022-05-24 21:14:17*Silly_my*老公
77,2022-05-24 21:14:38*原初贝极星*拉宝拉宝，星星的宝
78,2022-05-24 21:14:51*真武荡魔天尊*打卡
79,2022-05-24 21:15:13*Ai-Bot*打卡
80,2022-05-24 21:13:09*JimboSanSan*赞
81,2022-05-24 21:13:15*一生如满月*老公老公
82,2022-05-24 21:13:36*提神醒脑*(⌒▽⌒)
83,2022-05-24 21:13:38*原初贝极星*拉宝拉宝，星星的宝
84,2022-05-24 21:13:57*篜爭*1
85,2022-05-24 21:14:01*妖怪吧你丶*1
86,2022-05-24 21:14:17*Silly_my*老公
87,2022-05-24 21:14:38*原初贝极星*拉宝拉宝，星星的宝
88,2022-05-24 21:14:51*真武荡魔天尊*打卡
89,2022-05-24 21:15:13*Ai-Bot*打卡
90,2022-05-24 21:13:09*JimboSanSan*赞
91,2022-05-24 21:13:15*一生如满月*老公老公
92,2022-05-24 21:13:36*提神醒脑*(⌒▽⌒)
93,2022-05-24 21:13:38*原初贝极星*拉宝拉宝，星星的宝
94,2022-05-24 21:13:57*篜爭*1
95,2022-05-24 21:14:01*妖怪吧你丶*1
96,2022-05-24 21:14:17*Silly_my*老公
97,2022-05-24 21:14:38*原初贝极星*拉宝拉宝，星星的宝
98,2022-05-24 21:14:51*真武荡魔天尊*打卡
99,2022-05-24 21:15:13*Ai-Bot*打卡
100,2022-05-24 21:13:09*JimboSanSan*赞
101,2022-05-24 21:13:15*一生如满月*老公老公
102,2022-05-24 21:13:36*提神醒脑*(⌒▽⌒)
103,2022-05-24 21:13:38*原初贝极星*拉宝拉宝，星星的宝
104,2022-05-24 21:13:57*篜爭*1
105,2022-05-24 21:14:01*妖怪吧你丶*1
106,2022-05-24 21:14:17*Silly_my*老公
107,2022-05-24 21:14:38*原初贝极星*拉宝拉宝，星星的宝
108,2022-05-24 21:14:51*真武荡魔天尊*打卡
109,2022-05-24 21:15:13*Ai-Bot*打卡
110,2022-05-24 21:13:15*一生如满月*老公老公
111,2022-05-24 21:13:36*提神醒脑*(⌒▽⌒)
112,2022-05-24 21:13:38*原初贝极星*拉宝拉宝，星星的宝
113,2022-05-24 21:13:57*篜爭*1
114,2022-05-24 21:14:01*妖怪吧你丶*1
115,2022-05-24 21:14:17*Silly_my*老公
116,2022-05-24 21:14:38*原初贝极星*拉宝拉宝，星星的宝
117,2022-05-24 21:14:51*真武荡魔天尊*打卡
118,2022-05-24 21:15:13*Ai-Bot*打卡
119,2022-05-24 21:15:38*原初贝极星*拉宝拉宝，星星的宝
120,2022-05-24 21:13:15*一生如满月*老公老公
121,2022-05-24 21:13:36*提神醒脑*(⌒▽⌒)
122,2022-05-24 21:13:38*原初贝极星*拉宝拉宝，星星的宝
123,2022-05-24 21:13:57*篜爭*1
124,2022-05-24 21:14:01*妖怪吧你丶*1
125,2022-05-24 21:14:17*Silly_my*老公
126,2022-05-24 21:14:38*原初贝极星*拉宝拉宝，星星的宝
127,2022-05-24 21:14:51*真武荡魔天尊*打卡
128,2022-05-24 21:15:13*Ai-Bot*打卡
129,2022-05-24 21:15:38*原初贝极星*拉宝拉宝，星星的宝
130,2022-05-24 21:13:36*提神醒脑*(⌒▽⌒)
131,2022-05-24 21:13:38*原初贝极星*拉宝拉宝，星星的宝
132,2022-05-24 21:13:57*篜爭*1
133,2022-05-24 21:14:01*妖怪吧你丶*1
134,2022-05-24 21:14:17*Silly_my*老公
135,2022-05-24 21:14:38*原初贝极星*拉宝拉宝，星星的宝
136,2022-05-24 21:14:51*真武荡魔天尊*打卡
137,2022-05-24 21:15:13*Ai-Bot*打卡
138,2022-05-24 21:15:38*原初贝极星*拉宝拉宝，星星的宝
139,2022-05-24 21:15:51*树不子的杯垫*(⌒▽⌒)
140,2022-05-24 21:13:36*提神醒脑*(⌒▽⌒)
141,2022-05-24 21:13:38*原初贝极星*拉宝拉宝，星星的宝
142,2022-05-24 21:13:57*篜爭*1
143,2022-05-24 21:14:01*妖怪吧你丶*1
144,2022-05-24 21:14:17*Silly_my*老公
145,2022-05-24 21:14:38*原初贝极星*拉宝拉宝，星星的宝
146,2022-05-24 21:14:51*真武荡魔天尊*打卡
147,2022-05-24 21:15:13*Ai-Bot*打卡
148,2022-05-24 21:15:38*原初贝极星*拉宝拉宝，星星的宝
149,2022-05-24 21:15:51*树不子的杯垫*(⌒▽⌒)
150,2022-05-24 21:13:36*提神醒脑*(⌒▽⌒)
151,2022-05-24 21:13:38*原初贝极星*拉宝拉宝，星星的宝
152,2022-05-24 21:13:57*篜爭*1
153,2022-05-24 21:14:01*妖怪吧你丶*1
154,2022-05-24 21:14:17*Silly_my*老公
155,2022-05-24 21:14:38*原初贝极星*拉宝拉宝，星星的宝
156,2022-05-24 21:14:51*真武荡魔天尊*打卡
157,2022-05-24 21:15:13*Ai-Bot*打卡
158,2022-05-24 21:15:38*原初贝极星*拉宝拉宝，星星的宝
159,2022-05-24 21:15:51*树不子的杯垫*(⌒▽⌒)
160,2022-05-24 21:13:36*提神醒脑*(⌒▽⌒)
161,2022-05-24 21:13:38*原初贝极星*拉宝拉宝，星星的宝
162,2022-05-24 21:13:57*篜爭*1
163,2022-05-24 21:14:01*妖怪吧你丶*1
164,2022-05-24 21:14:17*Silly_my*老公
165,2022-05-24 21:14:38*原初贝极星*拉宝拉宝，星星的宝
166,2022-05-24 21:14:51*真武荡魔天尊*打卡
167,2022-05-24 21:15:13*Ai-Bot*打卡
168,2022-05-24 21:15:38*原初贝极星*拉宝拉宝，星星的宝
169,2022-05-24 21:15:51*树不子的杯垫*(⌒▽⌒)
170,2022-05-24 21:13:38*原初贝极星*拉宝拉宝，星星的宝
171,2022-05-24 21:13:57*篜爭*1
172,2022-05-24 21:14:01*妖怪吧你丶*1
173,2022-05-24 21:14:17*Silly_my*老公
174,2022-05-24 21:14:38*原初贝极星*拉宝拉宝，星星的宝
175,2022-05-24 21:14:51*真武荡魔天尊*打卡
176,2022-05-24 21:15:13*Ai-Bot*打卡
177,2022-05-24 21:15:38*原初贝极星*拉宝拉宝，星星的宝
178,2022-05-24 21:15:51*树不子的杯垫*(⌒▽⌒)
179,2022-05-24 21:16:08*在下倪蝶*111
180,2022-05-24 21:13:38*原初贝极星*拉宝拉宝，星星的宝
181,2022-05-24 21:13:57*篜爭*1
182,2022-05-24 21:14:01*妖怪吧你丶*1
183,2022-05-24 21:14:17*Silly_my*老公
184,2022-05-24 21:14:38*原初贝极星*拉宝拉宝，星星的宝
185,2022-05-24 21:14:51*真武荡魔天尊*打卡
186,2022-05-24 21:15:13*Ai-Bot*打卡
187,2022-05-24 21:15:38*原初贝极星*拉宝拉宝，星星的宝
188,2022-05-24 21:15:51*树不子的杯垫*(⌒▽⌒)
189,2022-05-24 21:16:08*在下倪蝶*111
190,2022-05-24 21:13:38*原初贝极星*拉宝拉宝，星星的宝
191,2022-05-24 21:13:57*篜爭*1
192,2022-05-24 21:14:01*妖怪吧你丶*1
193,2022-05-24 21:14:17*Silly_my*老公
194,2022-05-24 21:14:38*原初贝极星*拉宝拉宝，星星的宝
195,2022-05-24 21:14:51*真武荡魔天尊*打卡
196,2022-05-24 21:15:13*Ai-Bot*打卡
197,2022-05-24 21:15:38*原初贝极星*拉宝拉宝，星星的宝
198,2022-05-24 21:15:51*树不子的杯垫*(⌒▽⌒)
199,2022-05-24 21:16:08*在下倪蝶*111
200,2022-05-24 21:13:38*原初贝极星*拉宝拉宝，星星的宝
201,2022-05-24 21:13:57*篜爭*1
202,2022-05-24 21:14:01*妖怪吧你丶*1
203,2022-05-24 21:14:17*Silly_my*老公
204,2022-05-24 21:14:38*原初贝极星*拉宝拉宝，星星的宝
205,2022-05-24 21:14:51*真武荡魔天尊*打卡
206,2022-05-24 21:15:13*Ai-Bot*打卡
207,2022-05-24 21:15:38*原初贝极星*拉宝拉宝，星星的宝
208,2022-05-24 21:15:51*树不子的杯垫*(⌒▽⌒)
209,2022-05-24 21:16:08*在下倪蝶*111
210,2022-05-24 21:13:38*原初贝极星*拉宝拉宝，星星的宝
211,2022-05-24 21:13:57*篜爭*1
212,2022-05-24 21:14:01*妖怪吧你丶*1
213,2022-05-24 21:14:17*Silly_my*老公
214,2022-05-24 21:14:38*原初贝极星*拉宝拉宝，星星的宝
215,2022-05-24 21:14:51*真武荡魔天尊*打卡
216,2022-05-24 21:15:13*Ai-Bot*打卡
217,2022-05-24 21:15:38*原初贝极星*拉宝拉宝，星星的宝
218,2022-05-24 21:15:51*树不子的杯垫*(⌒▽⌒)
219,2022-05-24 21:16:08*在下倪蝶*111
220,2022-05-24 21:13:38*原初贝极星*拉宝拉宝，星星的宝
221,2022-05-24 21:13:57*篜爭*1
222,2022-05-24 21:14:01*妖怪吧你丶*1
223,2022-05-24 21:14:17*Silly_my*老公
224,2022-05-24 21:14:38*原初贝极星*拉宝拉宝，星星的宝
225,2022-05-24 21:14:51*真武荡魔天尊*打卡
226,2022-05-24 21:15:13*Ai-Bot*打卡
227,2022-05-24 21:15:38*原初贝极星*拉宝拉宝，星星的宝
228,2022-05-24 21:15:51*树不子的杯垫*(⌒▽⌒)
229,2022-05-24 21:16:08*在下倪蝶*111
230,2022-05-24 21:13:57*篜爭*1
231,2022-05-24 21:14:01*妖怪吧你丶*1
232,2022-05-24 21:14:17*Silly_my*老公
233,2022-05-24 21:14:38*原初贝极星*拉宝拉宝，星星的宝
234,2022-05-24 21:14:51*真武荡魔天尊*打卡
235,2022-05-24 21:15:13*Ai-Bot*打卡
236,2022-05-24 21:15:38*原初贝极星*拉宝拉宝，星星的宝
237,2022-05-24 21:15:51*树不子的杯垫*(⌒▽⌒)
238,2022-05-24 21:16:08*在下倪蝶*111
239,2022-05-24 21:16:38*原初贝极星*拉宝拉宝，星星的宝
,0
0,2022-05-24 21:13:57*篜爭*1
1,2022-05-24 21:14:01*妖怪吧你丶*1
2,2022-05-24 21:14:17*Silly_my*老公
3,2022-05-24 21:14:38*原初贝极星*拉宝拉宝，星星的宝
4,2022-05-24 21:14:51*真武荡魔天尊*打卡
5,2022-05-24 21:15:13*Ai-Bot*打卡
6,2022-05-24 21:15:38*原初贝极星*拉宝拉宝，星星的宝
7,2022-05-24 21:15:51*树不子的杯垫*(⌒▽⌒)
8,2022-05-24 21:16:08*在下倪蝶*111
9,2022-05-24 21:16:38*原初贝极星*拉宝拉宝，星星的宝
10,2022-05-24 21:13:57*篜爭*1
11,2022-05-24 21:14:01*妖怪吧你丶*1
12,2022-05-24 21:14:17*Silly_my*老公
13,2022-05-24 21:14:38*原初贝极星*拉宝拉宝，星星的宝
14,2022-05-24 21:14:51*真武荡魔天尊*打卡
15,2022-05-24 21:15:13*Ai-Bot*打卡
16,2022-05-24 21:15:38*原初贝极星*拉宝拉宝，星星的宝
17,2022-05-24 21:15:51*树不子的杯垫*(⌒▽⌒)
18,2022-05-24 21:16:08*在下倪蝶*111
19,2022-05-24 21:16:38*原初贝极星*拉宝拉宝，星星的宝
20,2022-05-24 21:14:01*妖怪吧你丶*1
21,2022-05-24 21:14:17*Silly_my*老公
22,2022-05-24 21:14:38*原初贝极星*拉宝拉宝，星星的宝
23,2022-05-24 21:14:51*真武荡魔天尊*打卡
24,2022-05-24 21:15:13*Ai-Bot*打卡
25,2022-05-24 21:15:38*原初贝极星*拉宝拉宝，星星的宝
26,2022-05-24 21:15:51*树不子的杯垫*(⌒▽⌒)
27,2022-05-24 21:16:08*在下倪蝶*111
28,2022-05-24 21:16:38*原初贝极星*拉宝拉宝，星星的宝
29,2022-05-24 21:16:56*辰月之三*赞
30,2022-05-24 21:14:17*Silly_my*老公
31,2022-05-24 21:14:38*原初贝极星*拉宝拉宝，星星的宝
32,2022-05-24 21:14:51*真武荡魔天尊*打卡
33,2022-05-24 21:15:13*Ai-Bot*打卡
34,2022-05-24 21:15:38*原初贝极星*拉宝拉宝，星星的宝
35,2022-05-24 21:15:51*树不子的杯垫*(⌒▽⌒)
36,2022-05-24 21:16:08*在下倪蝶*111
37,2022-05-24 21:16:38*原初贝极星*拉宝拉宝，星星的宝
38,2022-05-24 21:16:56*辰月之三*赞
39,2022-05-24 21:17:01*比尔盖茨*←◡←
40,2022-05-24 21:14:17*Silly_my*老公
41,2022-05-24 21:14:38*原初贝极星*拉宝拉宝，星星的宝
42,2022-05-24 21:14:51*真武荡魔天尊*打卡
43,2022-05-24 21:15:13*Ai-Bot*打卡
44,2022-05-24 21:15:38*原初贝极星*拉宝拉宝，星星的宝
45,2022-05-24 21:15:51*树不子的杯垫*(⌒▽⌒)
46,2022-05-24 21:16:08*在下倪蝶*111
47,2022-05-24 21:16:38*原初贝极星*拉宝拉宝，星星的宝
48,2022-05-24 21:16:56*辰月之三*赞
49,2022-05-24 21:17:01*比尔盖茨*←◡←
50,2022-05-24 21:14:38*原初贝极星*拉宝拉宝，星星的宝
51,2022-05-24 21:14:51*真武荡魔天尊*打卡
52,2022-05-24 21:15:13*Ai-Bot*打卡
53,2022-05-24 21:15:38*原初贝极星*拉宝拉宝，星星的宝
54,2022-05-24 21:15:51*树不子的杯垫*(⌒▽⌒)
55,2022-05-24 21:16:08*在下倪蝶*111
56,2022-05-24 21:16:38*原初贝极星*拉宝拉宝，星星的宝
57,2022-05-24 21:16:56*辰月之三*赞
58,2022-05-24 21:17:01*比尔盖茨*←◡←
59,2022-05-24 21:17:10*原初贝极星*拉宝拉宝，星星的宝
60,2022-05-24 21:14:51*真武荡魔天尊*打卡
61,2022-05-24 21:15:13*Ai-Bot*打卡
62,2022-05-24 21:15:38*原初贝极星*拉宝拉宝，星星的宝
63,2022-05-24 21:15:51*树不子的杯垫*(⌒▽⌒)
64,2022-05-24 21:16:08*在下倪蝶*111
65,2022-05-24 21:16:38*原初贝极星*拉宝拉宝，星星的宝
66,2022-05-24 21:16:56*辰月之三*赞
67,2022-05-24 21:17:01*比尔盖茨*←◡←
68,2022-05-24 21:17:10*原初贝极星*拉宝拉宝，星星的宝
69,2022-05-24 21:17:19*原初贝极星*拉宝拉宝，星星的宝
70,2022-05-24 21:14:51*真武荡魔天尊*打卡
71,2022-05-24 21:15:13*Ai-Bot*打卡
72,2022-05-24 21:15:38*原初贝极星*拉宝拉宝，星星的宝
73,2022-05-24 21:15:51*树不子的杯垫*(⌒▽⌒)
74,2022-05-24 21:16:08*在下倪蝶*111
75,2022-05-24 21:16:38*原初贝极星*拉宝拉宝，星星的宝
76,2022-05-24 21:16:56*辰月之三*赞
77,2022-05-24 21:17:01*比尔盖茨*←◡←
78,2022-05-24 21:17:10*原初贝极星*拉宝拉宝，星星的宝
79,2022-05-24 21:17:19*原初贝极星*拉宝拉宝，星星的宝
80,2022-05-24 21:15:13*Ai-Bot*打卡
81,2022-05-24 21:15:38*原初贝极星*拉宝拉宝，星星的宝
82,2022-05-24 21:15:51*树不子的杯垫*(⌒▽⌒)
83,2022-05-24 21:16:08*在下倪蝶*111
84,2022-05-24 21:16:38*原初贝极星*拉宝拉宝，星星的宝
85,2022-05-24 21:16:56*辰月之三*赞
86,2022-05-24 21:17:01*比尔盖茨*←◡←
87,2022-05-24 21:17:10*原初贝极星*拉宝拉宝，星星的宝
88,2022-05-24 21:17:19*原初贝极星*拉宝拉宝，星星的宝
89,2022-05-24 21:17:27*原初贝极星*拉宝拉宝，星星的宝
90,2022-05-24 21:15:38*原初贝极星*拉宝拉宝，星星的宝
91,2022-05-24 21:15:51*树不子的杯垫*(⌒▽⌒)
92,2022-05-24 21:16:08*在下倪蝶*111
93,2022-05-24 21:16:38*原初贝极星*拉宝拉宝，星星的宝
94,2022-05-24 21:16:56*辰月之三*赞
95,2022-05-24 21:17:01*比尔盖茨*←◡←
96,2022-05-24 21:17:10*原初贝极星*拉宝拉宝，星星的宝
97,2022-05-24 21:17:19*原初贝极星*拉宝拉宝，星星的宝
98,2022-05-24 21:17:27*原初贝极星*拉宝拉宝，星星的宝
99,2022-05-24 21:17:35*原初贝极星*拉宝拉宝，星星的宝
100,2022-05-24 21:15:38*原初贝极星*拉宝拉宝，星星的宝
101,2022-05-24 21:15:51*树不子的杯垫*(⌒▽⌒)
102,2022-05-24 21:16:08*在下倪蝶*111
103,2022-05-24 21:16:38*原初贝极星*拉宝拉宝，星星的宝
104,2022-05-24 21:16:56*辰月之三*赞
105,2022-05-24 21:17:01*比尔盖茨*←◡←
106,2022-05-24 21:17:10*原初贝极星*拉宝拉宝，星星的宝
107,2022-05-24 21:17:19*原初贝极星*拉宝拉宝，星星的宝
108,2022-05-24 21:17:27*原初贝极星*拉宝拉宝，星星的宝
109,2022-05-24 21:17:35*原初贝极星*拉宝拉宝，星星的宝
110,2022-05-24 21:15:51*树不子的杯垫*(⌒▽⌒)
111,2022-05-24 21:16:08*在下倪蝶*111
112,2022-05-24 21:16:38*原初贝极星*拉宝拉宝，星星的宝
113,2022-05-24 21:16:56*辰月之三*赞
114,2022-05-24 21:17:01*比尔盖茨*←◡←
115,2022-05-24 21:17:10*原初贝极星*拉宝拉宝，星星的宝
116,2022-05-24 21:17:19*原初贝极星*拉宝拉宝，星星的宝
117,2022-05-24 21:17:27*原初贝极星*拉宝拉宝，星星的宝
118,2022-05-24 21:17:35*原初贝极星*拉宝拉宝，星星的宝
119,2022-05-24 21:17:43*原初贝极星*拉宝拉宝，星星的宝
120,2022-05-24 21:15:51*树不子的杯垫*(⌒▽⌒)
121,2022-05-24 21:16:08*在下倪蝶*111
122,2022-05-24 21:16:38*原初贝极星*拉宝拉宝，星星的宝
123,2022-05-24 21:16:56*辰月之三*赞
124,2022-05-24 21:17:01*比尔盖茨*←◡←
125,2022-05-24 21:17:10*原初贝极星*拉宝拉宝，星星的宝
126,2022-05-24 21:17:19*原初贝极星*拉宝拉宝，星星的宝
127,2022-05-24 21:17:27*原初贝极星*拉宝拉宝，星星的宝
128,2022-05-24 21:17:35*原初贝极星*拉宝拉宝，星星的宝
129,2022-05-24 21:17:43*原初贝极星*拉宝拉宝，星星的宝
130,2022-05-24 21:16:56*辰月之三*赞
131,2022-05-24 21:17:01*比尔盖茨*←◡←
132,2022-05-24 21:17:10*原初贝极星*拉宝拉宝，星星的宝
133,2022-05-24 21:17:19*原初贝极星*拉宝拉宝，星星的宝
134,2022-05-24 21:17:27*原初贝极星*拉宝拉宝，星星的宝
135,2022-05-24 21:17:35*原初贝极星*拉宝拉宝，星星的宝
136,2022-05-24 21:17:43*原初贝极星*拉宝拉宝，星星的宝
137,2022-05-24 21:17:50*原初贝极星*拉宝拉宝，星星的宝
138,2022-05-24 21:17:53*moshimom*1
139,2022-05-24 21:17:53*菘椛釀酒*抱抱
140,2022-05-24 21:17:01*比尔盖茨*←◡←
141,2022-05-24 21:17:10*原初贝极星*拉宝拉宝，星星的宝
142,2022-05-24 21:17:19*原初贝极星*拉宝拉宝，星星的宝
143,2022-05-24 21:17:27*原初贝极星*拉宝拉宝，星星的宝
144,2022-05-24 21:17:35*原初贝极星*拉宝拉宝，星星的宝
145,2022-05-24 21:17:43*原初贝极星*拉宝拉宝，星星的宝
146,2022-05-24 21:17:50*原初贝极星*拉宝拉宝，星星的宝
147,2022-05-24 21:17:53*moshimom*1
148,2022-05-24 21:17:53*菘椛釀酒*抱抱
149,2022-05-24 21:17:59*原初贝极星*拉宝拉宝，星星的宝
150,2022-05-24 21:17:01*比尔盖茨*←◡←
151,2022-05-24 21:17:10*原初贝极星*拉宝拉宝，星星的宝
152,2022-05-24 21:17:19*原初贝极星*拉宝拉宝，星星的宝
153,2022-05-24 21:17:27*原初贝极星*拉宝拉宝，星星的宝
154,2022-05-24 21:17:35*原初贝极星*拉宝拉宝，星星的宝
155,2022-05-24 21:17:43*原初贝极星*拉宝拉宝，星星的宝
156,2022-05-24 21:17:50*原初贝极星*拉宝拉宝，星星的宝
157,2022-05-24 21:17:53*moshimom*1
158,2022-05-24 21:17:53*菘椛釀酒*抱抱
159,2022-05-24 21:17:59*原初贝极星*拉宝拉宝，星星的宝
160,2022-05-24 21:17:19*原初贝极星*拉宝拉宝，星星的宝
161,2022-05-24 21:17:27*原初贝极星*拉宝拉宝，星星的宝
162,2022-05-24 21:17:35*原初贝极星*拉宝拉宝，星星的宝
163,2022-05-24 21:17:43*原初贝极星*拉宝拉宝，星星的宝
164,2022-05-24 21:17:50*原初贝极星*拉宝拉宝，星星的宝
165,2022-05-24 21:17:53*moshimom*1
166,2022-05-24 21:17:53*菘椛釀酒*抱抱
167,2022-05-24 21:17:59*原初贝极星*拉宝拉宝，星星的宝
168,2022-05-24 21:18:06*原初贝极星*拉宝拉宝，星星的宝
169,2022-05-24 21:18:09*冰琳洁*打call
170,2022-05-24 21:17:27*原初贝极星*拉宝拉宝，星星的宝
171,2022-05-24 21:17:35*原初贝极星*拉宝拉宝，星星的宝
172,2022-05-24 21:17:43*原初贝极星*拉宝拉宝，星星的宝
173,2022-05-24 21:17:50*原初贝极星*拉宝拉宝，星星的宝
174,2022-05-24 21:17:53*moshimom*1
175,2022-05-24 21:17:53*菘椛釀酒*抱抱
176,2022-05-24 21:17:59*原初贝极星*拉宝拉宝，星星的宝
177,2022-05-24 21:18:06*原初贝极星*拉宝拉宝，星星的宝
178,2022-05-24 21:18:09*冰琳洁*打call
179,2022-05-24 21:18:14*原初贝极星*拉宝拉宝，星星的宝
180,2022-05-24 21:17:27*原初贝极星*拉宝拉宝，星星的宝
181,2022-05-24 21:17:35*原初贝极星*拉宝拉宝，星星的宝
182,2022-05-24 21:17:43*原初贝极星*拉宝拉宝，星星的宝
183,2022-05-24 21:17:50*原初贝极星*拉宝拉宝，星星的宝
184,2022-05-24 21:17:53*moshimom*1
185,2022-05-24 21:17:53*菘椛釀酒*抱抱
186,2022-05-24 21:17:59*原初贝极星*拉宝拉宝，星星的宝
187,2022-05-24 21:18:06*原初贝极星*拉宝拉宝，星星的宝
188,2022-05-24 21:18:09*冰琳洁*打call
189,2022-05-24 21:18:14*原初贝极星*拉宝拉宝，星星的宝
190,2022-05-24 21:17:43*原初贝极星*拉宝拉宝，星星的宝
191,2022-05-24 21:17:50*原初贝极星*拉宝拉宝，星星的宝
192,2022-05-24 21:17:53*moshimom*1
193,2022-05-24 21:17:53*菘椛釀酒*抱抱
194,2022-05-24 21:17:59*原初贝极星*拉宝拉宝，星星的宝
195,2022-05-24 21:18:06*原初贝极星*拉宝拉宝，星星的宝
196,2022-05-24 21:18:09*冰琳洁*打call
197,2022-05-24 21:18:14*原初贝极星*拉宝拉宝，星星的宝
198,2022-05-24 21:18:23*原初贝极星*拉宝拉宝，星星的宝
199,2022-05-24 21:18:24*观测者兔子*(⌒▽⌒)
200,2022-05-24 21:17:43*原初贝极星*拉宝拉宝，星星的宝
201,2022-05-24 21:17:50*原初贝极星*拉宝拉宝，星星的宝
202,2022-05-24 21:17:53*moshimom*1
203,2022-05-24 21:17:53*菘椛釀酒*抱抱
204,2022-05-24 21:17:59*原初贝极星*拉宝拉宝，星星的宝
205,2022-05-24 21:18:06*原初贝极星*拉宝拉宝，星星的宝
206,2022-05-24 21:18:09*冰琳洁*打call
207,2022-05-24 21:18:14*原初贝极星*拉宝拉宝，星星的宝
208,2022-05-24 21:18:23*原初贝极星*拉宝拉宝，星星的宝
209,2022-05-24 21:18:24*观测者兔子*(⌒▽⌒)
210,2022-05-24 21:17:50*原初贝极星*拉宝拉宝，星星的宝
211,2022-05-24 21:17:53*moshimom*1
212,2022-05-24 21:17:53*菘椛釀酒*抱抱
213,2022-05-24 21:17:59*原初贝极星*拉宝拉宝，星星的宝
214,2022-05-24 21:18:06*原初贝极星*拉宝拉宝，星星的宝
215,2022-05-24 21:18:09*冰琳洁*打call
216,2022-05-24 21:18:14*原初贝极星*拉宝拉宝，星星的宝
217,2022-05-24 21:18:23*原初贝极星*拉宝拉宝，星星的宝
218,2022-05-24 21:18:24*观测者兔子*(⌒▽⌒)
219,2022-05-24 21:18:32*原初贝极星*拉宝拉宝，星星的宝
220,2022-05-24 21:17:53*moshimom*1
221,2022-05-24 21:17:53*菘椛釀酒*抱抱
222,2022-05-24 21:17:59*原初贝极星*拉宝拉宝，星星的宝
223,2022-05-24 21:18:06*原初贝极星*拉宝拉宝，星星的宝
224,2022-05-24 21:18:09*冰琳洁*打call
225,2022-05-24 21:18:14*原初贝极星*拉宝拉宝，星星的宝
226,2022-05-24 21:18:23*原初贝极星*拉宝拉宝，星星的宝
227,2022-05-24 21:18:24*观测者兔子*(⌒▽⌒)
228,2022-05-24 21:18:32*原初贝极星*拉宝拉宝，星星的宝
229,2022-05-24 21:18:40*原初贝极星*拉宝拉宝，星星的宝
230,2022-05-24 21:17:53*moshimom*1
231,2022-05-24 21:17:53*菘椛釀酒*抱抱
232,2022-05-24 21:17:59*原初贝极星*拉宝拉宝，星星的宝
233,2022-05-24 21:18:06*原初贝极星*拉宝拉宝，星星的宝
234,2022-05-24 21:18:09*冰琳洁*打call
235,2022-05-24 21:18:14*原初贝极星*拉宝拉宝，星星的宝
236,2022-05-24 21:18:23*原初贝极星*拉宝拉宝，星星的宝
237,2022-05-24 21:18:24*观测者兔子*(⌒▽⌒)
238,2022-05-24 21:18:32*原初贝极星*拉宝拉宝，星星的宝
239,2022-05-24 21:18:40*原初贝极星*拉宝拉宝，星星的宝
